"Observation","Probability_Classical","Prediction"
1,0,"Jazz"
2,0.8977,"Classical"
3,0.9952,"Classical"
4,0.1904,"Jazz"
5,0.999,"Classical"
6,0.0126,"Jazz"
7,0.9264,"Classical"
8,0.9895,"Classical"
9,0.0162,"Jazz"
10,0.9395,"Classical"
11,0.1206,"Jazz"
12,0.852,"Classical"
13,0.1173,"Jazz"
14,0.0144,"Jazz"
15,0.8387,"Classical"
16,0.7988,"Classical"
17,0.0051,"Jazz"
18,0.2001,"Jazz"
19,0.7428,"Classical"
20,0.9734,"Classical"
21,0.3447,"Jazz"
22,0.2528,"Jazz"
23,0.9446,"Classical"
24,0.9043,"Classical"
25,0.8536,"Classical"
26,0.9832,"Classical"
27,4e-04,"Jazz"
28,0.0044,"Jazz"
29,0.0962,"Jazz"
30,0.3125,"Jazz"
31,0.9645,"Classical"
32,0.7463,"Classical"
33,0.0301,"Jazz"
34,0,"Jazz"
35,0.0352,"Jazz"
36,0.6792,"Classical"
37,0.0251,"Jazz"
38,0.8498,"Classical"
39,0.4509,"Jazz"
40,0.0863,"Jazz"
41,0.9981,"Classical"
42,0.657,"Classical"
43,0.8474,"Classical"
44,0.8007,"Classical"
45,0.0024,"Jazz"
46,0.8348,"Classical"
47,0.0343,"Jazz"
48,0.9362,"Classical"
49,0.2257,"Jazz"
50,0.9541,"Classical"
51,0.0278,"Jazz"
52,0.9852,"Classical"
53,0.8568,"Classical"
54,0.8912,"Classical"
55,0,"Jazz"
56,0.0787,"Jazz"
57,0.0088,"Jazz"
58,0.2525,"Jazz"
59,0.9924,"Classical"
60,0.9705,"Classical"
61,0.3873,"Jazz"
62,0.7421,"Classical"
63,0.8141,"Classical"
64,0.8617,"Classical"
65,0.5568,"Classical"
66,0.8264,"Classical"
67,0.9888,"Classical"
68,0.9198,"Classical"
69,0.0148,"Jazz"
70,0.1828,"Jazz"
71,0.2417,"Jazz"
72,0.0119,"Jazz"
73,0.0261,"Jazz"
74,0.892,"Classical"
75,2e-04,"Jazz"
76,0.0052,"Jazz"
77,0.0849,"Jazz"
78,0.8348,"Classical"
79,0.9816,"Classical"
80,0.0031,"Jazz"
81,0.9527,"Classical"
82,0.9832,"Classical"
83,0.2763,"Jazz"
84,0.9973,"Classical"
85,0.9465,"Classical"
86,0.9877,"Classical"
87,0.0122,"Jazz"
88,0.8538,"Classical"
89,0.973,"Classical"
90,0.057,"Jazz"
91,0.0121,"Jazz"
92,0.9412,"Classical"
93,6e-04,"Jazz"
94,0.968,"Classical"
95,4e-04,"Jazz"
96,0.2392,"Jazz"
97,0.9866,"Classical"
98,0.9959,"Classical"
99,0.0126,"Jazz"
100,0.0363,"Jazz"
101,0.7547,"Classical"
102,0.9475,"Classical"
103,0.0262,"Jazz"
104,0.7487,"Classical"
105,0.9966,"Classical"
106,0.013,"Jazz"
107,0.9945,"Classical"
108,0.7347,"Classical"
109,0.9609,"Classical"
110,0.0118,"Jazz"
111,0.7577,"Classical"
112,0.0336,"Jazz"
113,0.0037,"Jazz"
114,0.7816,"Classical"
115,0.92,"Classical"
116,0.9856,"Classical"
117,0.9814,"Classical"
118,0.9661,"Classical"
119,0.9801,"Classical"
120,0.9483,"Classical"
121,0.1155,"Jazz"
122,0.9436,"Classical"
123,0.0109,"Jazz"
124,0.5836,"Classical"
125,0.8245,"Classical"
126,0.9179,"Classical"
127,0.066,"Jazz"
128,0.9891,"Classical"
129,0.9856,"Classical"
130,0.5261,"Classical"
131,0.7632,"Classical"
132,0.9298,"Classical"
133,0.2275,"Jazz"
134,0.9909,"Classical"
135,0.3064,"Jazz"
136,0.7711,"Classical"
137,0.064,"Jazz"
138,0.5449,"Classical"
139,0.7335,"Classical"
140,0.4217,"Jazz"
141,0.1218,"Jazz"
142,0.5343,"Classical"
143,0.7839,"Classical"
144,0.2979,"Jazz"
145,0.9514,"Classical"
146,0.2894,"Jazz"
147,0.8242,"Classical"
148,0.0102,"Jazz"
149,0.4903,"Jazz"
150,0.075,"Jazz"
151,0.906,"Classical"
152,0.0239,"Jazz"
153,0.6659,"Classical"
154,0.9729,"Classical"
155,0.0268,"Jazz"
156,0.7208,"Classical"
157,0.5434,"Classical"
158,0.9907,"Classical"
159,0.9682,"Classical"
160,0.9818,"Classical"
161,0.0034,"Jazz"
162,0.0752,"Jazz"
163,0.1077,"Jazz"
164,0.3875,"Jazz"
165,0.9971,"Classical"
166,0.4315,"Jazz"
167,0.9601,"Classical"
168,0.849,"Classical"
169,0.9501,"Classical"
170,3e-04,"Jazz"
171,0.3816,"Jazz"
172,0.0013,"Jazz"
173,0.2647,"Jazz"
174,0.2916,"Jazz"
175,0.9855,"Classical"
176,0.0584,"Jazz"
177,0.189,"Jazz"
178,0.8674,"Classical"
179,0.8873,"Classical"
180,0.018,"Jazz"
181,0.9468,"Classical"
182,0.6687,"Classical"
183,0.9953,"Classical"
184,0.1441,"Jazz"
185,0.9808,"Classical"
186,0.9541,"Classical"
187,0.6755,"Classical"
188,0.1486,"Jazz"
189,0.0118,"Jazz"
190,0.0807,"Jazz"
191,0.3096,"Jazz"
192,0.726,"Classical"
193,0.238,"Jazz"
194,0.9811,"Classical"
195,0,"Jazz"
196,0.8646,"Classical"
197,0.8476,"Classical"
198,0.8595,"Classical"
199,2e-04,"Jazz"
200,0.5147,"Classical"
201,0.3844,"Jazz"
202,0.0013,"Jazz"
203,0.0045,"Jazz"
204,8e-04,"Jazz"
205,0.7528,"Classical"
206,0.9403,"Classical"
207,0.4469,"Jazz"
208,0.5959,"Classical"
209,0.0538,"Jazz"
210,0.6236,"Classical"
211,0.0194,"Jazz"
212,1e-04,"Jazz"
213,0.9467,"Classical"
214,0.8855,"Classical"
215,0.1283,"Jazz"
216,0.9993,"Classical"
217,0.7953,"Classical"
218,1e-04,"Jazz"
219,0.1542,"Jazz"
220,0.9136,"Classical"
221,0.0186,"Jazz"
222,0.9905,"Classical"
223,0.8539,"Classical"
224,0.969,"Classical"
225,0.9961,"Classical"
226,0.0195,"Jazz"
227,0.0107,"Jazz"
228,0.0974,"Jazz"
229,0.9349,"Classical"
230,0.9608,"Classical"
231,0.699,"Classical"
232,0.0084,"Jazz"
233,0.8518,"Classical"
234,0.4903,"Jazz"
235,0.8718,"Classical"
236,0.0104,"Jazz"
237,0.8662,"Classical"
238,0.9927,"Classical"
239,0.9389,"Classical"
240,0.9256,"Classical"
241,0.9685,"Classical"
242,0.005,"Jazz"
243,0.0155,"Jazz"
244,0.6556,"Classical"
245,0.2235,"Jazz"
246,0.8639,"Classical"
247,0.9937,"Classical"
248,0.066,"Jazz"
249,0.9988,"Classical"
250,0.0199,"Jazz"
251,0.9695,"Classical"
252,0.0207,"Jazz"
253,0.9895,"Classical"
254,0.0259,"Jazz"
255,0.9917,"Classical"
256,0.9943,"Classical"
257,0.0069,"Jazz"
258,0.9366,"Classical"
259,6e-04,"Jazz"
260,0.8811,"Classical"
261,0.0565,"Jazz"
262,0.7289,"Classical"
263,0.0062,"Jazz"
264,0.8975,"Classical"
265,0.963,"Classical"
266,0.8773,"Classical"
267,0.921,"Classical"
268,0.9997,"Classical"
269,0.9938,"Classical"
270,0.9971,"Classical"
271,0.9848,"Classical"
272,0.892,"Classical"
273,0.8207,"Classical"
274,0.7243,"Classical"
275,0.2255,"Jazz"
276,0.9742,"Classical"
277,0.9999,"Classical"
278,0.9997,"Classical"
279,0.0692,"Jazz"
280,0.0023,"Jazz"
281,0.2843,"Jazz"
282,0.9128,"Classical"
283,0.831,"Classical"
284,0.9174,"Classical"
285,0.5498,"Classical"
286,0.0017,"Jazz"
287,0.9892,"Classical"
288,0.6388,"Classical"
289,0.0194,"Jazz"
290,0.2065,"Jazz"
291,0.9377,"Classical"
292,0.9563,"Classical"
293,0.8935,"Classical"
294,0.0039,"Jazz"
295,0.9103,"Classical"
296,0.006,"Jazz"
297,0.9994,"Classical"
298,0.0112,"Jazz"
299,0.1249,"Jazz"
300,0.9995,"Classical"
301,0.0054,"Jazz"
302,0.9989,"Classical"
303,0.9979,"Classical"
304,0.0027,"Jazz"
305,0.9439,"Classical"
306,0.3362,"Jazz"
307,0.8257,"Classical"
308,0.922,"Classical"
309,0.9812,"Classical"
310,0.1721,"Jazz"
311,0.9949,"Classical"
312,0.0074,"Jazz"
313,0.3675,"Jazz"
314,0.7175,"Classical"
315,0.1142,"Jazz"
316,9e-04,"Jazz"
317,0.4045,"Jazz"
318,0.8464,"Classical"
319,0.1372,"Jazz"
320,0.0435,"Jazz"
321,0.9905,"Classical"
322,0.9891,"Classical"
323,0.3015,"Jazz"
324,3e-04,"Jazz"
325,0.8927,"Classical"
326,0.019,"Jazz"
327,0.3523,"Jazz"
328,0.6829,"Classical"
329,0.7786,"Classical"
330,0.7556,"Classical"
331,0.9946,"Classical"
332,0.797,"Classical"
333,0.2931,"Jazz"
334,0.9948,"Classical"
335,0.4673,"Jazz"
336,0.9605,"Classical"
337,0.4826,"Jazz"
338,0.0374,"Jazz"
339,0.5083,"Classical"
340,0.0251,"Jazz"
341,0.3297,"Jazz"
342,0.8361,"Classical"
343,0.002,"Jazz"
344,0.3203,"Jazz"
345,0.908,"Classical"
346,2e-04,"Jazz"
347,0.1005,"Jazz"
348,0.9986,"Classical"
349,0.0599,"Jazz"
350,0.002,"Jazz"
351,0.0724,"Jazz"
352,0.5083,"Classical"
353,0.9388,"Classical"
354,0.9484,"Classical"
355,0.0046,"Jazz"
356,0.2824,"Jazz"
357,0.9949,"Classical"
358,0.9819,"Classical"
359,0.0538,"Jazz"
360,0.8562,"Classical"
361,0.4553,"Jazz"
362,0.9945,"Classical"
363,0.8814,"Classical"
364,5e-04,"Jazz"
365,0.9671,"Classical"
366,0.8668,"Classical"
367,0.0471,"Jazz"
368,0.998,"Classical"
369,0.945,"Classical"
370,0.4976,"Jazz"
371,0.0342,"Jazz"
372,0.9991,"Classical"
373,0.8995,"Classical"
374,0.51,"Classical"
375,0.0065,"Jazz"
376,0.0284,"Jazz"
377,0.9386,"Classical"
378,0.8304,"Classical"
379,0.0783,"Jazz"
380,0.8661,"Classical"
381,0.7892,"Classical"
382,0.9618,"Classical"
383,0.0076,"Jazz"
384,0.0142,"Jazz"
385,0.3471,"Jazz"
386,0.126,"Jazz"
387,0.8408,"Classical"
388,0.9133,"Classical"
389,0.9395,"Classical"
390,0.9818,"Classical"
391,3e-04,"Jazz"
392,0.2592,"Jazz"
393,6e-04,"Jazz"
394,5e-04,"Jazz"
395,0.9939,"Classical"
396,0.9912,"Classical"
397,0.9632,"Classical"
398,0.0074,"Jazz"
399,0.9516,"Classical"
400,0.7402,"Classical"
401,0.1035,"Jazz"
402,0.4231,"Jazz"
403,0.9885,"Classical"
404,0.9907,"Classical"
405,0.3896,"Jazz"
406,0.3149,"Jazz"
407,0.9974,"Classical"
408,0.3446,"Jazz"
409,0.002,"Jazz"
410,0.6851,"Classical"
411,0.1396,"Jazz"
412,0.9911,"Classical"
413,0.9603,"Classical"
414,0.2068,"Jazz"
415,0.0042,"Jazz"
416,0.3202,"Jazz"
417,0.9141,"Classical"
418,0.0296,"Jazz"
419,0.0974,"Jazz"
420,0.0358,"Jazz"
421,0.1993,"Jazz"
422,0.9348,"Classical"
423,0.9877,"Classical"
424,0.0765,"Jazz"
425,0.9956,"Classical"
426,0.8786,"Classical"
427,0.6215,"Classical"
428,8e-04,"Jazz"
429,0.0124,"Jazz"
430,0.9944,"Classical"
431,0.4624,"Jazz"
432,0.8067,"Classical"
433,0.9511,"Classical"
434,0.9671,"Classical"
435,0.9812,"Classical"
436,0.9856,"Classical"
437,0.0087,"Jazz"
438,5e-04,"Jazz"
439,0.6522,"Classical"
440,0.991,"Classical"
441,0.013,"Jazz"
442,0.7186,"Classical"
443,0.9741,"Classical"
444,0.2647,"Jazz"
445,0.0085,"Jazz"
446,0.6311,"Classical"
447,2e-04,"Jazz"
448,0.9698,"Classical"
449,0.003,"Jazz"
450,0.9883,"Classical"
451,0.7327,"Classical"
452,0.9947,"Classical"
453,0.1297,"Jazz"
454,0.9582,"Classical"
455,0.8879,"Classical"
456,0.3436,"Jazz"
457,0,"Jazz"
458,0.914,"Classical"
459,0.7987,"Classical"
460,1e-04,"Jazz"
461,0.6352,"Classical"
462,0.9849,"Classical"
463,0.2201,"Jazz"
464,0.9858,"Classical"
465,1e-04,"Jazz"
466,0.9995,"Classical"
467,0.8915,"Classical"
468,0,"Jazz"
469,0.8471,"Classical"
470,0.0327,"Jazz"
471,0.139,"Jazz"
472,0.9996,"Classical"
473,0.3413,"Jazz"
474,0.6891,"Classical"
475,0.9238,"Classical"
476,0.215,"Jazz"
477,0.1983,"Jazz"
478,0.4549,"Jazz"
479,0.0558,"Jazz"
480,0.157,"Jazz"
481,0.0524,"Jazz"
482,0.9656,"Classical"
483,0.9443,"Classical"
484,0.9979,"Classical"
485,0.2768,"Jazz"
486,0.4752,"Jazz"
487,0.0032,"Jazz"
488,0.2671,"Jazz"
489,0.0736,"Jazz"
490,0.0014,"Jazz"
491,0.0312,"Jazz"
492,0.9632,"Classical"
493,0.9147,"Classical"
494,0.6557,"Classical"
495,0.8584,"Classical"
496,0.8073,"Classical"
497,0.1519,"Jazz"
498,0.0035,"Jazz"
499,0.9494,"Classical"
500,0.4925,"Jazz"
501,0.9891,"Classical"
502,0.1164,"Jazz"
503,0.2328,"Jazz"
504,0.0144,"Jazz"
505,0.7488,"Classical"
506,0.8183,"Classical"
507,0.9975,"Classical"
508,0.914,"Classical"
509,0.9602,"Classical"
510,0.0882,"Jazz"
511,0.6201,"Classical"
512,0.9365,"Classical"
513,0.0013,"Jazz"
514,0.0112,"Jazz"
515,0.0032,"Jazz"
516,0.2816,"Jazz"
517,0.9926,"Classical"
518,6e-04,"Jazz"
519,0.8418,"Classical"
520,0.0046,"Jazz"
521,0.7455,"Classical"
522,0.0824,"Jazz"
523,0.9401,"Classical"
524,0.9725,"Classical"
525,5e-04,"Jazz"
526,0.0029,"Jazz"
527,0.0893,"Jazz"
528,0.5679,"Classical"
529,0.9944,"Classical"
530,0.9736,"Classical"
531,0.0614,"Jazz"
532,0.2545,"Jazz"
533,0.9956,"Classical"
534,0.1797,"Jazz"
535,0.8004,"Classical"
536,0.1366,"Jazz"
537,0.0483,"Jazz"
538,0.9506,"Classical"
539,0.0059,"Jazz"
540,0.0056,"Jazz"
541,0.93,"Classical"
542,0.7051,"Classical"
543,0.8259,"Classical"
544,0.9157,"Classical"
545,1,"Classical"
546,0.0444,"Jazz"
547,0.5936,"Classical"
548,6e-04,"Jazz"
549,0.8745,"Classical"
550,0.9919,"Classical"
551,0.8254,"Classical"
552,0.1035,"Jazz"
553,0.9424,"Classical"
554,8e-04,"Jazz"
555,0.9512,"Classical"
556,0.9962,"Classical"
557,0.9485,"Classical"
558,0.8339,"Classical"
559,0.0241,"Jazz"
560,0.0025,"Jazz"
561,0.0217,"Jazz"
562,0.7867,"Classical"
563,2e-04,"Jazz"
564,0.0029,"Jazz"
565,0.9984,"Classical"
566,0.8762,"Classical"
567,0.8467,"Classical"
568,1e-04,"Jazz"
569,0.7749,"Classical"
570,0.3852,"Jazz"
571,0.9921,"Classical"
572,0.8719,"Classical"
573,0.0043,"Jazz"
574,0.0264,"Jazz"
575,0.9077,"Classical"
576,0.9979,"Classical"
577,0.9984,"Classical"
578,0.003,"Jazz"
579,0.0685,"Jazz"
580,0.8777,"Classical"
581,0.9656,"Classical"
582,0.965,"Classical"
583,0.9786,"Classical"
584,0.0023,"Jazz"
585,0.0094,"Jazz"
586,0.9019,"Classical"
587,0.0196,"Jazz"
588,0.9999,"Classical"
589,0.6928,"Classical"
590,0.9909,"Classical"
591,0.7559,"Classical"
592,3e-04,"Jazz"
593,0.0014,"Jazz"
594,0.0015,"Jazz"
595,0.8589,"Classical"
596,0.9973,"Classical"
597,0.0031,"Jazz"
598,0.9833,"Classical"
599,0.002,"Jazz"
600,0.4717,"Jazz"
601,0.6636,"Classical"
602,0.2519,"Jazz"
603,1e-04,"Jazz"
604,0.8858,"Classical"
605,0.8792,"Classical"
606,0.9968,"Classical"
607,0.967,"Classical"
608,0.87,"Classical"
609,0.0023,"Jazz"
610,0.3514,"Jazz"
611,0.5129,"Classical"
612,0.9949,"Classical"
613,0.0629,"Jazz"
614,0.9983,"Classical"
615,0.7372,"Classical"
616,0.9553,"Classical"
617,0.0062,"Jazz"
618,0.7949,"Classical"
619,0.8087,"Classical"
620,0.0016,"Jazz"
621,0,"Jazz"
622,0.0427,"Jazz"
623,0.6441,"Classical"
624,0.9632,"Classical"
625,0.9137,"Classical"
626,0.987,"Classical"
627,0.9981,"Classical"
628,0.9987,"Classical"
629,0.1739,"Jazz"
630,0.0019,"Jazz"
631,0.2392,"Jazz"
632,9e-04,"Jazz"
633,0.0113,"Jazz"
634,0.8511,"Classical"
635,0.0164,"Jazz"
636,0.0244,"Jazz"
637,3e-04,"Jazz"
638,0.1845,"Jazz"
639,0.9899,"Classical"
640,0.0011,"Jazz"
641,0.9458,"Classical"
642,0.8219,"Classical"
643,0.9743,"Classical"
644,0.012,"Jazz"
645,0.9613,"Classical"
646,0.7154,"Classical"
647,0.0102,"Jazz"
648,0.018,"Jazz"
649,0.9979,"Classical"
650,0.9532,"Classical"
651,0.015,"Jazz"
652,0.0145,"Jazz"
653,0.0154,"Jazz"
654,0.9988,"Classical"
655,0.7319,"Classical"
656,0.4243,"Jazz"
657,0.6771,"Classical"
658,0.0702,"Jazz"
659,0.9554,"Classical"
660,0.9111,"Classical"
661,0.3238,"Jazz"
662,0.0141,"Jazz"
663,0.0161,"Jazz"
664,0.9932,"Classical"
665,0.0041,"Jazz"
666,0.9847,"Classical"
667,0.8621,"Classical"
668,0.9792,"Classical"
669,0.0043,"Jazz"
670,0.9597,"Classical"
671,0.886,"Classical"
672,0.0017,"Jazz"
673,0.9675,"Classical"
674,0.7398,"Classical"
675,0.8909,"Classical"
676,0.948,"Classical"
677,0.5,"Jazz"
678,0.0379,"Jazz"
679,0.6226,"Classical"
680,0.9656,"Classical"
681,0.4741,"Jazz"
682,0.0124,"Jazz"
683,0.1324,"Jazz"
684,0.974,"Classical"
685,0.0357,"Jazz"
686,0.9056,"Classical"
687,0.3425,"Jazz"
688,0.9892,"Classical"
689,0.9524,"Classical"
690,0.0022,"Jazz"
691,2e-04,"Jazz"
692,0.7788,"Classical"
693,0.6717,"Classical"
694,0.0296,"Jazz"
695,0.9707,"Classical"
696,0.015,"Jazz"
697,0.802,"Classical"
698,0.9641,"Classical"
699,0.9952,"Classical"
700,0.8922,"Classical"
701,0.966,"Classical"
702,0.9678,"Classical"
703,0.7427,"Classical"
704,0.8499,"Classical"
705,0,"Jazz"
706,0.9317,"Classical"
707,0.9057,"Classical"
708,0.002,"Jazz"
709,0.0054,"Jazz"
710,0.6444,"Classical"
711,0.0755,"Jazz"
712,0.9483,"Classical"
713,0.9462,"Classical"
714,0.7216,"Classical"
715,0.6234,"Classical"
716,0.9837,"Classical"
717,0.2281,"Jazz"
718,0.0044,"Jazz"
719,0.0129,"Jazz"
720,0.0722,"Jazz"
721,0.9639,"Classical"
722,0.6152,"Classical"
723,0.0098,"Jazz"
724,0.9525,"Classical"
725,0.0036,"Jazz"
726,0.9263,"Classical"
727,0.9473,"Classical"
728,0.9213,"Classical"
729,0.7315,"Classical"
730,0.9867,"Classical"
731,0.9585,"Classical"
732,0.903,"Classical"
733,0.0939,"Jazz"
734,0.8205,"Classical"
735,0.9923,"Classical"
736,0.1678,"Jazz"
737,0.9945,"Classical"
738,0.9055,"Classical"
739,0.9287,"Classical"
740,0.9808,"Classical"
741,6e-04,"Jazz"
742,0.9212,"Classical"
743,0.9942,"Classical"
744,0.0263,"Jazz"
745,0.9316,"Classical"
746,0.3924,"Jazz"
747,0.9933,"Classical"
748,0.7054,"Classical"
749,0.7187,"Classical"
750,0.0113,"Jazz"
751,0.2583,"Jazz"
752,0.0023,"Jazz"
753,0.9881,"Classical"
754,0.9811,"Classical"
755,0.0076,"Jazz"
756,0.0249,"Jazz"
757,0.1646,"Jazz"
758,0.0085,"Jazz"
759,0.9125,"Classical"
760,0.9432,"Classical"
761,0.1244,"Jazz"
762,1e-04,"Jazz"
763,0.9905,"Classical"
764,0.9981,"Classical"
765,0.0011,"Jazz"
766,0.0092,"Jazz"
767,0.0294,"Jazz"
768,0.9732,"Classical"
769,0.05,"Jazz"
770,0.9498,"Classical"
771,0.98,"Classical"
772,0.6871,"Classical"
773,0.516,"Classical"
774,0.8961,"Classical"
775,0.9949,"Classical"
776,0.3887,"Jazz"
777,0.9941,"Classical"
778,0.8069,"Classical"
779,0.9871,"Classical"
780,0.1147,"Jazz"
781,0.9336,"Classical"
782,0.0644,"Jazz"
783,0.1719,"Jazz"
784,0.9617,"Classical"
785,0.8811,"Classical"
786,0,"Jazz"
787,0.1174,"Jazz"
788,0.0125,"Jazz"
789,0.8573,"Classical"
790,0.8795,"Classical"
791,0.0031,"Jazz"
792,0.9016,"Classical"
793,0.8655,"Classical"
794,0.9474,"Classical"
795,0.998,"Classical"
796,6e-04,"Jazz"
797,0.3292,"Jazz"
798,0.9876,"Classical"
799,0.5441,"Classical"
800,0.104,"Jazz"
801,0.9653,"Classical"
802,0.4673,"Jazz"
803,0.0031,"Jazz"
804,0.9258,"Classical"
805,0.8849,"Classical"
806,0.9769,"Classical"
807,0.1291,"Jazz"
808,0.0158,"Jazz"
809,0.3726,"Jazz"
810,0.028,"Jazz"
811,0.4346,"Jazz"
812,0.7622,"Classical"
813,0.0015,"Jazz"
814,0.9814,"Classical"
815,5e-04,"Jazz"
816,0.0021,"Jazz"
817,0.9945,"Classical"
818,0.9391,"Classical"
819,0.0212,"Jazz"
820,0.9927,"Classical"
821,0.9766,"Classical"
822,0.1268,"Jazz"
823,0.0112,"Jazz"
824,0.0096,"Jazz"
825,0.6843,"Classical"
826,0.4572,"Jazz"
827,0.9837,"Classical"
828,0.9354,"Classical"
829,0.8166,"Classical"
830,0.306,"Jazz"
831,0.0729,"Jazz"
832,0.0155,"Jazz"
833,0.95,"Classical"
834,0.9193,"Classical"
835,0.9817,"Classical"
836,0.2035,"Jazz"
837,0.8077,"Classical"
838,0.9949,"Classical"
839,0.9872,"Classical"
840,0.0557,"Jazz"
841,0.9734,"Classical"
842,0.9299,"Classical"
843,0.9988,"Classical"
844,0.0165,"Jazz"
845,4e-04,"Jazz"
846,0.9994,"Classical"
847,0.827,"Classical"
848,0.926,"Classical"
849,0.4789,"Jazz"
850,0.0068,"Jazz"
851,0.3522,"Jazz"
852,1e-04,"Jazz"
853,0.9512,"Classical"
854,0.9954,"Classical"
855,0.9808,"Classical"
856,0.9972,"Classical"
857,0.0241,"Jazz"
858,0.0036,"Jazz"
859,0.0022,"Jazz"
860,0.9946,"Classical"
861,0.0115,"Jazz"
862,0.968,"Classical"
863,0.2682,"Jazz"
864,0.767,"Classical"
865,0.9192,"Classical"
866,0.1295,"Jazz"
867,0.0044,"Jazz"
868,0.4009,"Jazz"
869,0.813,"Classical"
870,0.9992,"Classical"
871,0.7817,"Classical"
872,0.97,"Classical"
873,0.0738,"Jazz"
874,0.3995,"Jazz"
875,0.8026,"Classical"
876,0.9927,"Classical"
877,0.0167,"Jazz"
878,5e-04,"Jazz"
879,0.0021,"Jazz"
880,0.8503,"Classical"
881,0.9102,"Classical"
882,9e-04,"Jazz"
883,0.9359,"Classical"
884,0.5346,"Classical"
885,0.0158,"Jazz"
886,0.1361,"Jazz"
887,7e-04,"Jazz"
888,0.893,"Classical"
889,0.9625,"Classical"
890,0.0747,"Jazz"
891,0.8707,"Classical"
892,0.9979,"Classical"
893,0.9982,"Classical"
894,0.989,"Classical"
895,0.8834,"Classical"
896,0.0058,"Jazz"
897,0.6136,"Classical"
898,0.2632,"Jazz"
899,0.8233,"Classical"
900,0.8175,"Classical"
901,0.9958,"Classical"
902,0.9745,"Classical"
903,0.0233,"Jazz"
904,0.2928,"Jazz"
905,0.035,"Jazz"
906,0.8225,"Classical"
907,0.1838,"Jazz"
908,1e-04,"Jazz"
909,0.9629,"Classical"
910,0.5826,"Classical"
911,1e-04,"Jazz"
912,0.0223,"Jazz"
913,0.8935,"Classical"
914,0.8157,"Classical"
915,3e-04,"Jazz"
916,0.3009,"Jazz"
917,0.9908,"Classical"
918,0.0013,"Jazz"
919,0.2332,"Jazz"
920,0.9801,"Classical"
921,0.9786,"Classical"
922,0.7677,"Classical"
923,0.9882,"Classical"
924,0.0032,"Jazz"
925,0.9624,"Classical"
926,0.9897,"Classical"
927,0.966,"Classical"
928,0.9861,"Classical"
929,0.1248,"Jazz"
930,0.8488,"Classical"
931,0.8987,"Classical"
932,0.6666,"Classical"
933,0.8609,"Classical"
934,0.1009,"Jazz"
935,0.9321,"Classical"
936,0.7582,"Classical"
937,0.9587,"Classical"
938,0.0348,"Jazz"
939,0.9531,"Classical"
940,0.1579,"Jazz"
941,0.9407,"Classical"
942,0.4319,"Jazz"
943,0.9851,"Classical"
944,0,"Jazz"
945,0.9281,"Classical"
946,0.1022,"Jazz"
947,0.9853,"Classical"
948,0.0016,"Jazz"
949,0.9962,"Classical"
950,0.0019,"Jazz"
951,0.0028,"Jazz"
952,0.9915,"Classical"
953,0.9381,"Classical"
954,0.9684,"Classical"
955,0.0121,"Jazz"
956,0.8388,"Classical"
957,0.326,"Jazz"
958,0.8939,"Classical"
959,0.2086,"Jazz"
960,0.9836,"Classical"
961,0.9996,"Classical"
962,0.5842,"Classical"
963,0.0117,"Jazz"
964,0.9142,"Classical"
965,0.9295,"Classical"
966,0.9801,"Classical"
967,0.5243,"Classical"
968,0.9963,"Classical"
969,0.9973,"Classical"
970,0.0668,"Jazz"
971,0.0061,"Jazz"
972,0.0063,"Jazz"
973,0.7479,"Classical"
974,0.9268,"Classical"
975,0.0925,"Jazz"
976,0.6461,"Classical"
977,0.914,"Classical"
978,0.0075,"Jazz"
979,0.0108,"Jazz"
980,0.7032,"Classical"
981,0.0694,"Jazz"
982,0.8398,"Classical"
983,0.9609,"Classical"
984,0.2714,"Jazz"
985,0.2208,"Jazz"
986,0.0873,"Jazz"
987,0.0538,"Jazz"
988,0.9197,"Classical"
989,0.5363,"Classical"
990,0.9611,"Classical"
991,0.9999,"Classical"
992,0.9565,"Classical"
993,0.9889,"Classical"
994,0.9736,"Classical"
995,0.9419,"Classical"
996,0.2083,"Jazz"
997,5e-04,"Jazz"
998,0.9997,"Classical"
999,0.6728,"Classical"
1000,0.2396,"Jazz"
1001,0.0025,"Jazz"
1002,0.9494,"Classical"
1003,0.0603,"Jazz"
1004,0.0399,"Jazz"
1005,0.5305,"Classical"
1006,0.0137,"Jazz"
1007,0.9196,"Classical"
1008,0.9727,"Classical"
1009,0.9597,"Classical"
1010,0.183,"Jazz"
1011,0.9995,"Classical"
1012,0.8004,"Classical"
1013,0.9309,"Classical"
1014,0.9703,"Classical"
1015,0.4691,"Jazz"
1016,0.4398,"Jazz"
1017,0.9989,"Classical"
1018,3e-04,"Jazz"
1019,0.9499,"Classical"
1020,0.5099,"Classical"
1021,0.9617,"Classical"
1022,0.7237,"Classical"
1023,0.0273,"Jazz"
1024,0.7091,"Classical"
1025,0.9137,"Classical"
1026,0.4846,"Jazz"
1027,0.0049,"Jazz"
1028,0.1207,"Jazz"
1029,0.8782,"Classical"
1030,0.0207,"Jazz"
1031,0.9809,"Classical"
1032,0.9778,"Classical"
1033,0.9814,"Classical"
1034,0.9716,"Classical"
1035,0.7818,"Classical"
1036,0.9012,"Classical"
1037,0.1648,"Jazz"
1038,0.3226,"Jazz"
1039,0.8556,"Classical"
1040,0.998,"Classical"
1041,0.949,"Classical"
1042,0.0052,"Jazz"
1043,0.9316,"Classical"
1044,0.3041,"Jazz"
1045,0.995,"Classical"
1046,0.999,"Classical"
1047,1e-04,"Jazz"
1048,0.0042,"Jazz"
1049,0.0546,"Jazz"
1050,0.5188,"Classical"
1051,0.879,"Classical"
1052,0.8411,"Classical"
1053,0.8558,"Classical"
1054,0.1946,"Jazz"
1055,0.021,"Jazz"
1056,0.9531,"Classical"
1057,1e-04,"Jazz"
1058,0.001,"Jazz"
1059,0.9248,"Classical"
1060,0.7183,"Classical"
1061,0.9837,"Classical"
1062,0.9733,"Classical"
1063,0.9643,"Classical"
1064,0.9553,"Classical"
1065,0.0161,"Jazz"
1066,0.0487,"Jazz"
1067,0.8293,"Classical"
1068,0.9825,"Classical"
1069,0.9524,"Classical"
1070,0.961,"Classical"
1071,0.8086,"Classical"
1072,0.064,"Jazz"
1073,0.9479,"Classical"
1074,0.0085,"Jazz"
1075,0.9197,"Classical"
1076,0.0027,"Jazz"
1077,0.1135,"Jazz"
1078,0.9971,"Classical"
1079,0.4302,"Jazz"
1080,0.0019,"Jazz"
1081,2e-04,"Jazz"
1082,0.9215,"Classical"
1083,0.8049,"Classical"
1084,0.0204,"Jazz"
1085,0.9791,"Classical"
1086,0.0716,"Jazz"
1087,0.9816,"Classical"
1088,0.0155,"Jazz"
1089,0.0268,"Jazz"
1090,0.9231,"Classical"
1091,0.0011,"Jazz"
1092,0.9968,"Classical"
1093,0.9105,"Classical"
1094,0.0387,"Jazz"
1095,0.0323,"Jazz"
1096,0.0036,"Jazz"
1097,0.9261,"Classical"
1098,0.3413,"Jazz"
1099,6e-04,"Jazz"
1100,0.1117,"Jazz"
1101,0.939,"Classical"
1102,0.9972,"Classical"
1103,4e-04,"Jazz"
1104,0.9318,"Classical"
1105,0,"Jazz"
1106,0.1677,"Jazz"
1107,0.6807,"Classical"
1108,0.9754,"Classical"
1109,0.9738,"Classical"
1110,0.8386,"Classical"
1111,0.0076,"Jazz"
1112,0.9807,"Classical"
1113,0.0096,"Jazz"
1114,0.0955,"Jazz"
1115,0.9056,"Classical"
1116,0.9687,"Classical"
1117,0.9976,"Classical"
1118,0.9165,"Classical"
1119,0.9368,"Classical"
1120,0.0015,"Jazz"
1121,0.355,"Jazz"
1122,0.0015,"Jazz"
1123,0.4092,"Jazz"
1124,0.6692,"Classical"
1125,0.7408,"Classical"
1126,0.8053,"Classical"
1127,0.9843,"Classical"
1128,0.8207,"Classical"
1129,0.9177,"Classical"
1130,0.8814,"Classical"
1131,3e-04,"Jazz"
1132,0.0297,"Jazz"
1133,0.0131,"Jazz"
1134,0.1665,"Jazz"
1135,0.2214,"Jazz"
1136,0.0606,"Jazz"
1137,0.0036,"Jazz"
1138,0.935,"Classical"
1139,0.1662,"Jazz"
1140,0.9908,"Classical"
1141,0.9704,"Classical"
1142,0.01,"Jazz"
1143,0.2563,"Jazz"
1144,0.9612,"Classical"
1145,0.9888,"Classical"
1146,0.6221,"Classical"
1147,0.9879,"Classical"
1148,0.9802,"Classical"
1149,0.0531,"Jazz"
1150,0.3947,"Jazz"
1151,0.0029,"Jazz"
1152,0.0012,"Jazz"
1153,0.9585,"Classical"
1154,0.7791,"Classical"
1155,0.9168,"Classical"
1156,0.0022,"Jazz"
1157,0.6555,"Classical"
1158,0.001,"Jazz"
1159,0.0185,"Jazz"
1160,0.1361,"Jazz"
1161,0.6714,"Classical"
1162,0.5964,"Classical"
1163,0.9677,"Classical"
1164,0.6945,"Classical"
1165,0.2037,"Jazz"
1166,0.322,"Jazz"
1167,0.8445,"Classical"
1168,0.0023,"Jazz"
1169,0.7814,"Classical"
1170,0.0018,"Jazz"
1171,0.1277,"Jazz"
1172,0.0861,"Jazz"
1173,0.2564,"Jazz"
1174,0.9927,"Classical"
1175,0.9868,"Classical"
1176,0.9829,"Classical"
1177,0.7304,"Classical"
1178,0.0019,"Jazz"
1179,0.0253,"Jazz"
1180,0.0141,"Jazz"
1181,0.973,"Classical"
1182,0.05,"Jazz"
1183,0.0027,"Jazz"
1184,0.062,"Jazz"
1185,0.2766,"Jazz"
1186,0.1042,"Jazz"
1187,0.6912,"Classical"
1188,0.9928,"Classical"
1189,0.9987,"Classical"
1190,0.993,"Classical"
1191,0.2625,"Jazz"
1192,0.025,"Jazz"
1193,0.7324,"Classical"
1194,0.1371,"Jazz"
1195,0.9829,"Classical"
1196,0.722,"Classical"
1197,0.7055,"Classical"
1198,0.0523,"Jazz"
1199,0.0023,"Jazz"
1200,0.8642,"Classical"
1201,0.9841,"Classical"
1202,0.1347,"Jazz"
1203,0.9742,"Classical"
1204,0.9254,"Classical"
1205,0.9823,"Classical"
1206,0.2771,"Jazz"
1207,0.9831,"Classical"
1208,0.9279,"Classical"
1209,0.0702,"Jazz"
1210,0.8536,"Classical"
1211,0.0388,"Jazz"
1212,0,"Jazz"
1213,0.9864,"Classical"
1214,0.8581,"Classical"
1215,0.8576,"Classical"
1216,0.2528,"Jazz"
1217,0.989,"Classical"
1218,0.9154,"Classical"
1219,0.9926,"Classical"
1220,0.9572,"Classical"
1221,0.0065,"Jazz"
1222,0.9938,"Classical"
1223,0.0026,"Jazz"
1224,0.0052,"Jazz"
1225,0.9979,"Classical"
1226,0.9913,"Classical"
1227,0.9945,"Classical"
1228,0.139,"Jazz"
1229,0.9017,"Classical"
1230,0.1966,"Jazz"
1231,0.5387,"Classical"
1232,0.8424,"Classical"
1233,0.0964,"Jazz"
1234,0.0028,"Jazz"
1235,0.0153,"Jazz"
1236,0.0796,"Jazz"
1237,0.9253,"Classical"
1238,0.8822,"Classical"
1239,0.9571,"Classical"
1240,1e-04,"Jazz"
1241,0.9911,"Classical"
1242,0.9621,"Classical"
1243,0.4513,"Jazz"
1244,0.9049,"Classical"
1245,0,"Jazz"
1246,0.8512,"Classical"
1247,0.008,"Jazz"
1248,0.9803,"Classical"
1249,0.0104,"Jazz"
1250,0.1037,"Jazz"
1251,0.5497,"Classical"
1252,0.0049,"Jazz"
1253,0.576,"Classical"
1254,0.9447,"Classical"
1255,0.922,"Classical"
1256,0.0381,"Jazz"
1257,0.9673,"Classical"
1258,0.005,"Jazz"
1259,0.9869,"Classical"
1260,0.8665,"Classical"
1261,0.9737,"Classical"
1262,0.9648,"Classical"
1263,0.0124,"Jazz"
1264,0.5907,"Classical"
1265,0.0401,"Jazz"
1266,0.6675,"Classical"
1267,0.4768,"Jazz"
1268,0.4441,"Jazz"
1269,0.9524,"Classical"
1270,0.0101,"Jazz"
1271,0.9955,"Classical"
1272,0.9064,"Classical"
1273,0.0895,"Jazz"
1274,1e-04,"Jazz"
1275,0.9899,"Classical"
1276,0.0151,"Jazz"
1277,0.0793,"Jazz"
1278,0.8177,"Classical"
1279,0.9838,"Classical"
1280,0.0153,"Jazz"
1281,0.9211,"Classical"
1282,0.5914,"Classical"
1283,0.9716,"Classical"
1284,0.0727,"Jazz"
1285,0.9468,"Classical"
1286,0.0286,"Jazz"
1287,1e-04,"Jazz"
1288,0.0026,"Jazz"
1289,0.0547,"Jazz"
1290,0.2423,"Jazz"
1291,0.3475,"Jazz"
1292,0.3617,"Jazz"
1293,0.3522,"Jazz"
1294,0.9853,"Classical"
1295,0.9383,"Classical"
1296,0.9924,"Classical"
1297,0.0332,"Jazz"
1298,0.2492,"Jazz"
1299,0.995,"Classical"
1300,0.9635,"Classical"
1301,0.0031,"Jazz"
1302,0.9393,"Classical"
1303,0.92,"Classical"
1304,0.7794,"Classical"
1305,0.9809,"Classical"
1306,0.0159,"Jazz"
1307,0.9662,"Classical"
1308,0.9977,"Classical"
1309,0.0066,"Jazz"
1310,6e-04,"Jazz"
1311,0.0757,"Jazz"
1312,0.6292,"Classical"
1313,0.9811,"Classical"
1314,0.0022,"Jazz"
1315,0.9527,"Classical"
1316,0.0745,"Jazz"
1317,0.9896,"Classical"
1318,0.9387,"Classical"
1319,6e-04,"Jazz"
1320,0.9332,"Classical"
1321,0.0207,"Jazz"
1322,0.7963,"Classical"
1323,0.9914,"Classical"
1324,0.5941,"Classical"
1325,0.9217,"Classical"
1326,0.9621,"Classical"
1327,0.9995,"Classical"
1328,0.2887,"Jazz"
1329,0.8521,"Classical"
1330,0.6857,"Classical"
1331,0.8494,"Classical"
1332,0.0194,"Jazz"
1333,0.023,"Jazz"
1334,0.1149,"Jazz"
1335,0.0186,"Jazz"
1336,0.9209,"Classical"
1337,0.9586,"Classical"
1338,0.0012,"Jazz"
1339,2e-04,"Jazz"
1340,0.2355,"Jazz"
1341,0.9993,"Classical"
1342,2e-04,"Jazz"
1343,0.0022,"Jazz"
1344,0.8858,"Classical"
1345,0.3115,"Jazz"
1346,0.0049,"Jazz"
1347,0.3338,"Jazz"
1348,0.0068,"Jazz"
1349,0.0498,"Jazz"
1350,0.587,"Classical"
1351,0.623,"Classical"
1352,0.9004,"Classical"
1353,0.5747,"Classical"
1354,0.0204,"Jazz"
1355,3e-04,"Jazz"
1356,0.5159,"Classical"
1357,0.4615,"Jazz"
1358,0.0274,"Jazz"
1359,0.9996,"Classical"
1360,0.9845,"Classical"
1361,0.9948,"Classical"
1362,0.9883,"Classical"
1363,0.9723,"Classical"
1364,0.0589,"Jazz"
1365,0.0047,"Jazz"
1366,0.0339,"Jazz"
1367,0.992,"Classical"
1368,0.8307,"Classical"
1369,0.8602,"Classical"
1370,0.9029,"Classical"
1371,0.9732,"Classical"
1372,0.083,"Jazz"
1373,0,"Jazz"
1374,0.8995,"Classical"
1375,0.9996,"Classical"
1376,0.5048,"Classical"
1377,0.0043,"Jazz"
1378,0.7106,"Classical"
1379,9e-04,"Jazz"
1380,0.0623,"Jazz"
1381,0.9989,"Classical"
1382,0.1772,"Jazz"
1383,0.2196,"Jazz"
1384,0.7005,"Classical"
1385,0.2375,"Jazz"
1386,0.6776,"Classical"
1387,0.7324,"Classical"
1388,0.9621,"Classical"
1389,0.7896,"Classical"
1390,0.5613,"Classical"
1391,0.0053,"Jazz"
1392,0.0025,"Jazz"
1393,0.9465,"Classical"
1394,0.0096,"Jazz"
1395,0.9982,"Classical"
1396,0.0235,"Jazz"
1397,0.9511,"Classical"
1398,0.0752,"Jazz"
1399,0.0242,"Jazz"
1400,0.9004,"Classical"
1401,0.9658,"Classical"
1402,0.9989,"Classical"
1403,0.0361,"Jazz"
1404,0.3398,"Jazz"
1405,0,"Jazz"
1406,4e-04,"Jazz"
1407,0.4641,"Jazz"
1408,0.351,"Jazz"
1409,0.8695,"Classical"
1410,0.966,"Classical"
1411,0.9818,"Classical"
1412,0.9864,"Classical"
1413,0.886,"Classical"
1414,0.9979,"Classical"
1415,0.0013,"Jazz"
1416,0.9893,"Classical"
1417,0.664,"Classical"
1418,0.9579,"Classical"
1419,0.9707,"Classical"
1420,0.9584,"Classical"
1421,0.8803,"Classical"
1422,0.9813,"Classical"
1423,0.759,"Classical"
1424,0.0449,"Jazz"
1425,0.9938,"Classical"
1426,0.8944,"Classical"
1427,0.0292,"Jazz"
1428,0.0918,"Jazz"
1429,0.8811,"Classical"
1430,0.376,"Jazz"
1431,0.3338,"Jazz"
1432,0.397,"Jazz"
1433,0.9965,"Classical"
1434,0.0653,"Jazz"
1435,0.0026,"Jazz"
1436,0.9499,"Classical"
1437,0.9391,"Classical"
1438,0.1835,"Jazz"
1439,0.2214,"Jazz"
1440,0.847,"Classical"
1441,0.0134,"Jazz"
1442,0.0036,"Jazz"
1443,0.9869,"Classical"
1444,0.113,"Jazz"
1445,0.9528,"Classical"
1446,0.0372,"Jazz"
1447,0.021,"Jazz"
1448,0.0073,"Jazz"
1449,0.9676,"Classical"
1450,0.8142,"Classical"
1451,0,"Jazz"
1452,0.3125,"Jazz"
1453,0.9208,"Classical"
1454,0.0484,"Jazz"
1455,0.0547,"Jazz"
1456,5e-04,"Jazz"
1457,0.9825,"Classical"
1458,0,"Jazz"
1459,0.7029,"Classical"
1460,0.9028,"Classical"
1461,0.9429,"Classical"
1462,0.7865,"Classical"
1463,0.9799,"Classical"
1464,0.0207,"Jazz"
1465,0.0017,"Jazz"
1466,0.1342,"Jazz"
1467,3e-04,"Jazz"
1468,0.1092,"Jazz"
1469,0.0488,"Jazz"
1470,0.9983,"Classical"
1471,0.0029,"Jazz"
1472,0.0518,"Jazz"
1473,0.7747,"Classical"
1474,0.9657,"Classical"
1475,0.9949,"Classical"
1476,0.0049,"Jazz"
1477,0.8585,"Classical"
1478,0.1791,"Jazz"
1479,0.9603,"Classical"
1480,0.044,"Jazz"
1481,0.6579,"Classical"
1482,0.0014,"Jazz"
1483,0.0097,"Jazz"
1484,0.0354,"Jazz"
1485,0.9822,"Classical"
1486,0.9803,"Classical"
1487,0.0741,"Jazz"
1488,5e-04,"Jazz"
1489,0.8045,"Classical"
1490,0.5253,"Classical"
1491,0.32,"Jazz"
1492,0.4254,"Jazz"
1493,0.7861,"Classical"
1494,0.0027,"Jazz"
1495,0.9877,"Classical"
1496,0.1627,"Jazz"
1497,0.1119,"Jazz"
1498,0.0375,"Jazz"
1499,0.8153,"Classical"
1500,0.8513,"Classical"
1501,0.017,"Jazz"
1502,0.9719,"Classical"
1503,0.9829,"Classical"
